Workbook

Sheet Summary Dashboard
A1: PARAKEET — TRACEABILITY MATRIX SUMMARY
A2: Auto-calculated from Requirements Traceability sheet
A4: Total Requirements | C4: Critical Requirements
A5: =COUNTA('Requirements Traceability'!A5:A100)-COUNTIF('Requirements Traceability'!A5:A100,"") -> -40 | C5: =COUNTIF('Requirements Traceability'!E5:E100,"Critical") -> 14
A8: High Priority | C8: Medium Priority
A9: =COUNTIF('Requirements Traceability'!E5:E100,"High") -> 10 | C9: =COUNTIF('Requirements Traceability'!E5:E100,"Medium") -> 4
A12: In Progress | C12: Planned
A13: =COUNTIF('Requirements Traceability'!K5:K100,"In Progress") -> 3 | C13: =COUNTIF('Requirements Traceability'!K5:K100,"Planned") -> 25
A16: Phase 1 Requirements | C16: Phase 2 Requirements
A17: =COUNTIF('Requirements Traceability'!L5:L100,"Phase 1") -> 26 | C17: =COUNTIF('Requirements Traceability'!L5:L100,"Phase 2") -> 1
A22: REQUIREMENTS BY CATEGORY
A23: Category | B23: # Requirements | C23: Phase 1 | D23: Phase 2
A24: AI Conversation | B24: =COUNTIF('Requirements Traceability'!B5:B100,"AI Conversation") -> 5 | C24: =COUNTIFS('Requirements Traceability'!B5:B100,"AI Conversation",'Requirements Traceability'!L5:L100,"Phase 1") -> 5 | D24: =COUNTIFS('Requirements Traceability'!B5:B100,"AI Conversation",'Requirements Traceability'!L5:L100,"Phase 2") -> 0
A25: Adaptive Learning | B25: =COUNTIF('Requirements Traceability'!B5:B100,"Adaptive Learning") -> 4 | C25: =COUNTIFS('Requirements Traceability'!B5:B100,"Adaptive Learning",'Requirements Traceability'!L5:L100,"Phase 1") -> 4 | D25: =COUNTIFS('Requirements Traceability'!B5:B100,"Adaptive Learning",'Requirements Traceability'!L5:L100,"Phase 2") -> 0
A26: Speech & Voice | B26: =COUNTIF('Requirements Traceability'!B5:B100,"Speech & Voice") -> 2 | C26: =COUNTIFS('Requirements Traceability'!B5:B100,"Speech & Voice",'Requirements Traceability'!L5:L100,"Phase 1") -> 2 | D26: =COUNTIFS('Requirements Traceability'!B5:B100,"Speech & Voice",'Requirements Traceability'!L5:L100,"Phase 2") -> 0
A27: Gamification | B27: =COUNTIF('Requirements Traceability'!B5:B100,"Gamification") -> 3 | C27: =COUNTIFS('Requirements Traceability'!B5:B100,"Gamification",'Requirements Traceability'!L5:L100,"Phase 1") -> 3 | D27: =COUNTIFS('Requirements Traceability'!B5:B100,"Gamification",'Requirements Traceability'!L5:L100,"Phase 2") -> 0
A28: Platform | B28: =COUNTIF('Requirements Traceability'!B5:B100,"Platform") -> 4 | C28: =COUNTIFS('Requirements Traceability'!B5:B100,"Platform",'Requirements Traceability'!L5:L100,"Phase 1") -> 3 | D28: =COUNTIFS('Requirements Traceability'!B5:B100,"Platform",'Requirements Traceability'!L5:L100,"Phase 2") -> 1
A29: Monetisation | B29: =COUNTIF('Requirements Traceability'!B5:B100,"Monetisation") -> 4 | C29: =COUNTIFS('Requirements Traceability'!B5:B100,"Monetisation",'Requirements Traceability'!L5:L100,"Phase 1") -> 4 | D29: =COUNTIFS('Requirements Traceability'!B5:B100,"Monetisation",'Requirements Traceability'!L5:L100,"Phase 2") -> 0
A30: Compliance | B30: =COUNTIF('Requirements Traceability'!B5:B100,"Compliance") -> 3 | C30: =COUNTIFS('Requirements Traceability'!B5:B100,"Compliance",'Requirements Traceability'!L5:L100,"Phase 1") -> 2 | D30: =COUNTIFS('Requirements Traceability'!B5:B100,"Compliance",'Requirements Traceability'!L5:L100,"Phase 2") -> 0
A31: Credentialing | B31: =COUNTIF('Requirements Traceability'!B5:B100,"Credentialing") -> 2 | C31: =COUNTIFS('Requirements Traceability'!B5:B100,"Credentialing",'Requirements Traceability'!L5:L100,"Phase 1") -> 2 | D31: =COUNTIFS('Requirements Traceability'!B5:B100,"Credentialing",'Requirements Traceability'!L5:L100,"Phase 2") -> 0
A32: Community | B32: =COUNTIF('Requirements Traceability'!B5:B100,"Community") -> 1 | C32: =COUNTIFS('Requirements Traceability'!B5:B100,"Community",'Requirements Traceability'!L5:L100,"Phase 1") -> 1 | D32: =COUNTIFS('Requirements Traceability'!B5:B100,"Community",'Requirements Traceability'!L5:L100,"Phase 2") -> 0

Sheet Requirements Traceability
A1: PARAKEET — REQUIREMENTS TRACEABILITY MATRIX
A2: AI-Powered Conversational Language Learning Platform | Version 1.0 | February 2026 | CONFIDENTIAL
A4: REQ ID | B4: Category | C4: Requirement Description | D4: Source (Charter Ref) | E4: Priority | F4: Deliverable | G4: Design / Architecture | H4: Implementation Component | I4: Test Case ID | J4: Acceptance Criteria | K4: Status | L4: Phase | M4: Owner | N4: Notes
A5: REQ-001 | B5: AI Conversation | C5: AI conversation engine must support real-time, multi-turn dialogue | D5: §3 Scope / §9 | E5: Critical | F5: AI Conversation Engine | G5: LLM Integration Design | H5: Node.js API + GPT-4/Claude | I5: TC-001 | J5: Engine responds within 10s; maintains context across ≥10 turns | K5: In Progress | L5: Phase 1 | M5: CTO | N5: Fine-tuning on language-learning corpus required
A6: REQ-002 | B6: AI Conversation | C6: Contextual error correction in target language with native-language explanation | D6: §2.3 / §3 | E6: Critical | F6: AI Conversation Engine | G6: Prompt Engineering | H6: LLM Layer | I6: TC-002 | J6: Corrections provided for 95%+ of grammatical errors; no conversation interruption | K6: In Progress | L6: Phase 1 | M6: CTO
A7: REQ-003 | B7: AI Conversation | C7: AI difficulty must adapt dynamically to real-time learner performance signals | D7: §2.1 / §2.3 | E7: Critical | F7: AI Conversation Engine | G7: Adaptive Difficulty Algorithm | H7: LLM + Analytics Service | I7: TC-003 | J7: CEFR level adjusts within same session based on error rate | K7: Planned | L7: Phase 1 | M7: CTO | N7: Requires performance signal pipeline
A8: REQ-004 | B8: AI Conversation | C8: Support 12 languages at launch: EN, ES, FR, DE, ZH, JA, KO, PT, IT, AR, HI, RU | D8: §2.3 / §9 | E8: Critical | F8: AI Conversation Engine | G8: Multi-language Model Config | H8: LLM + Language Router | I8: TC-004 | J8: All 12 languages pass fluency QA review by native speakers | K8: Planned | L8: Phase 1 | M8: CTO | N8: Native-speaker QA mandatory per language
A9: REQ-005 | B9: AI Conversation | C9: All AI conversations logged, analysed, and summarised for learner review | D9: §2.1 | E9: High | F9: AI Conversation Engine | G9: Conversation Logging Service | H9: PostgreSQL + Analytics | I9: TC-005 | J9: 100% of sessions stored; summary generated within 60s of session end | K9: Planned | L9: Phase 1 | M9: CTO | N9: GDPR retention policy must govern data lifecycle
A10: REQ-006 | B10: Adaptive Learning | C10: Personalised learning path generated per user using spaced-repetition logic | D10: §2.1 / §3 | E10: Critical | F10: Adaptive Lesson Modules | G10: Recommendation Engine | H10: ML Service + PostgreSQL | I10: TC-006 | J10: Path generated within 30s of onboarding assessment completion | K10: Planned | L10: Phase 1 | M10: Product Lead | N10: Algorithm based on SM-2 or equivalent
A11: REQ-007 | B11: Adaptive Learning | C11: System continuously re-evaluates weak areas and injects targeted micro-exercises | D11: §2.1 | E11: High | F11: Adaptive Lesson Modules | G11: Adaptive Curriculum Engine | H11: ML Service | I11: TC-007 | J11: Micro-exercise injected after 3 consecutive errors on same concept | K11: Planned | L11: Phase 1 | M11: Product Lead
A12: REQ-008 | B12: Adaptive Learning | C12: CEFR-aligned proficiency assessments at A1–C2 levels | D12: §2.3 / §9 | E12: Critical | F12: Credential Marketplace | G12: Assessment Framework | H12: Assessment Service | I12: TC-008 | J12: Assessment accurately places learners within ±1 CEFR sub-level vs. benchmark | K12: Planned | L12: Phase 1 | M12: Product Lead | N12: Validated against CEFR framework
A13: REQ-009 | B13: Adaptive Learning | C13: AI-generated quizzes that evolve based on individual performance | D13: §2.1 | E13: Medium | F13: Adaptive Lesson Modules | G13: Quiz Generation Engine | H13: LLM + Content Service | I13: TC-009 | J13: Quiz content refreshes every session; no identical question repeated within 7 days | K13: Planned | L13: Phase 1 | M13: Product Lead
A14: REQ-010 | B14: Speech & Voice | C14: Speech-to-text via OpenAI Whisper for voice conversation mode | D14: §2.3 / §3 | E14: Critical | F14: Voice Mode | G14: STT Integration | H14: Whisper API Integration | I14: TC-010 | J14: STT accuracy ≥ 90% WER on target language test sets | K14: Planned | L14: Phase 1 | M14: CTO | N14: Fallback to text mode if STT unavailable
A15: REQ-011 | B15: Speech & Voice | C15: Text-to-speech via AWS Polly or ElevenLabs for AI voice responses | D15: §2.3 / §3 | E15: Critical | F15: Voice Mode | G15: TTS Integration | H15: Polly / ElevenLabs API | I15: TC-011 | J15: TTS latency < 2s; natural prosody rated ≥ 4/5 in UX testing | K15: Planned | L15: Phase 1 | M15: CTO
A16: REQ-012 | B16: Gamification | C16: Points, badges, leaderboards, and daily streak mechanics | D16: §2.1 / §3 | E16: High | F16: Gamification Layer | G16: Gamification Service | H16: Node.js + Redis + PostgreSQL | I16: TC-012 | J16: All mechanics functional; streaks reset correctly at UTC midnight | K16: Planned | L16: Phase 1 | M16: Product Lead
A17: REQ-013 | B17: Gamification | C17: Progress dashboard with vocabulary growth, grammar accuracy, fluency score | D17: §2.1 | E17: High | F17: Gamification Layer | G17: Analytics Dashboard | H17: React.js + Analytics API | I17: TC-013 | J17: Dashboard loads in < 2s; all metrics update within 5 min of session end | K17: Planned | L17: Phase 1 | M17: Product Lead
A18: REQ-014 | B18: Gamification | C18: Weekly and monthly AI-generated progress reports delivered via email/in-app | D18: §4.3 | E18: Medium | F18: Gamification Layer | G18: Report Generation | H18: LLM + Email Service | I18: TC-014 | J18: Reports delivered within 1h of scheduled trigger; open rate tracked | K18: Planned | L18: Phase 1 | M18: Product Lead
A19: REQ-015 | B19: Platform | C19: React.js web application with unified learner dashboard | D19: §2 / §3 | E19: Critical | F19: Web Application | G19: Frontend Architecture | H19: React.js | I19: TC-015 | J19: Core user flows complete in < 3 clicks; renders correctly on Chrome, Firefox, Safari, Edge | K19: In Progress | L19: Phase 1 | M19: CTO
A20: REQ-016 | B20: Platform | C20: AI response latency ≤ 10 seconds end-to-end (P95) | D20: §2.3 / §9 | E20: Critical | F20: AI Conversation Engine | G20: Performance Engineering | H20: vLLM / TensorRT + CDN | I20: TC-016 | J20: P95 latency ≤ 10s under 10,000 concurrent users in load test | K20: Planned | L20: Phase 1 | M20: CTO | N20: Performance risk — mitigation in risk register
A21: REQ-017 | B21: Platform | C21: Cloud infrastructure on AWS (EKS, Lambda, CloudFront) | D21: §2.2 | E21: High | F21: Web Application | G21: Cloud Architecture | H21: AWS | I21: TC-017 | J21: 99.9% uptime SLA achieved in first 90 days post-launch | K21: Planned | L21: Phase 1 | M21: CTO
A22: REQ-018 | B22: Platform | C22: Support millions of simultaneous users with horizontal scalability | D22: §2.2 | E22: High | F22: Web Application | G22: Scalability Design | H22: AWS EKS + Auto-scaling | I22: TC-018 | J22: Load test demonstrates linear scaling to 1M concurrent sessions | K22: Planned | L22: Phase 2 | M22: CTO | N22: Phase 2 scale target; Phase 1 target 100K
A23: REQ-019 | B23: Monetisation | C23: Freemium tier: 3 AI conversations/week, 1 language, community access | D23: §4.3 / §3 | E23: Critical | F23: Subscription System | G23: Subscription Service | H23: Stripe + Node.js | I23: TC-019 | J23: Free tier limits enforced correctly; upgrade prompt shown on limit breach | K23: Planned | L23: Phase 1 | M23: CEO
A24: REQ-020 | B24: Monetisation | C24: Pro tier ($14.99/mo): unlimited AI conversations, 12 languages, analytics | D24: §4.3 | E24: Critical | F24: Subscription System | G24: Subscription Service | H24: Stripe + Node.js | I24: TC-020 | J24: Pro features unlocked immediately upon payment confirmation | K24: Planned | L24: Phase 1 | M24: CEO
A25: REQ-021 | B25: Monetisation | C25: Premium tier ($29.99/mo): Pro + advanced analytics + offline mode | D25: §4.3 | E25: High | F25: Subscription System | G25: Subscription Service | H25: Stripe + Node.js | I25: TC-021 | J25: Offline mode syncs correctly on reconnect; advanced analytics render | K25: Planned | L25: Phase 1 | M25: CEO | N25: Offline mode requires service worker / caching layer
A26: REQ-022 | B26: Monetisation | C26: Enterprise tier: team dashboards, custom branding, SLA support, volume pricing | D26: §4.3 / §3 | E26: High | F26: Enterprise Dashboard | G26: Enterprise Service | H26: Node.js + Admin Portal | I26: TC-022 | J26: Admin dashboard displays all team members; branding config applies globally | K26: Planned | L26: Phase 1 | M26: CEO
A27: REQ-023 | B27: Compliance | C27: Full GDPR and CCPA compliance from Day 1 | D27: §10 Constraints / §8 | E27: Critical | F27: All Components | G27: Privacy-by-Design | H27: All services + Legal review | I27: TC-023 | J27: DPA signed with all vendors; data deletion request fulfilled within 30 days | K27: Planned | L27: Phase 1 | M27: CEO | N27: Legal counsel engaged from Phase 0
A28: REQ-024 | B28: Compliance | C28: Data Processing Agreements (DPAs) with all AI and cloud vendors | D28: §10 / §8 | E28: Critical | F28: All Components | G28: Vendor Compliance | H28: Legal / Procurement | I28: TC-024 | J28: DPAs in place before any user data flows to vendor APIs | K28: Planned | L28: Phase 0 | M28: CEO
A29: REQ-025 | B29: Compliance | C29: User data retained only as long as necessary; clear deletion workflow | D29: §10 / §8 | E29: High | F29: Backend / Database | G29: Data Lifecycle Policy | H29: PostgreSQL + Data Governance | I29: TC-025 | J29: Data deletion confirmed within retention policy SLA | K29: Planned | L29: Phase 1 | M29: CTO
A30: REQ-026 | B30: Credentialing | C30: Verifiable CEFR-aligned proficiency certificates issued post-assessment | D30: §4.3 / §3 | E30: High | F30: Credential Marketplace | G30: Credentialing Service | H30: Assessment + PDF/Badge Service | I30: TC-026 | J30: Certificate generated within 5 min of passing assessment; shareable link valid for 12 months | K30: Planned | L30: Phase 1 | M30: Product Lead
A31: REQ-027 | B31: Credentialing | C31: Credential marketplace enabling employer/university recognition of certificates | D31: §4.3 | E31: Medium | F31: Credential Marketplace | G31: Marketplace Integration | H31: Partner API + Backend | I31: TC-027 | J31: ≥ 5 employer/institution partners integrated at launch | K31: Planned | L31: Phase 1 | M31: CEO | N31: Partnership development in parallel with build
A32: REQ-028 | B32: Community | C32: Built-in community and live language exchange features | D32: §3.2 / §2.1 | E32: Medium | F32: Community Module | G32: Community Service | H32: Node.js + WebSocket | I32: TC-028 | J32: Users can create and join exchange sessions within 3 clicks | K32: Planned | L32: Phase 1 | M32: Product Lead

Sheet Objectives ↔ Requirements
A1: PARAKEET — BUSINESS OBJECTIVES TO REQUIREMENTS MAPPING
A2: Maps each charter objective to the specific requirements that deliver it
A4: Objective ID | B4: Objective Description | C4: Priority | D4: Linked Requirements | E4: Deliverables Covered | F4: Status
A5: OBJ-01 | B5: Deploy a fully functional AI conversation engine in 12 languages at launch | C5: Critical | D5: REQ-001, REQ-002, REQ-003, REQ-004, REQ-005, REQ-010, REQ-011 | E5: AI Conversation Engine, Voice Mode | F5: In Progress
A6: OBJ-02 | B6: Deliver adaptive lesson modules with spaced-repetition and AI personalisation | C6: Critical | D6: REQ-006, REQ-007, REQ-008, REQ-009 | E6: Adaptive Lesson Modules, Credential Marketplace | F6: Planned
A7: OBJ-03 | B7: Implement full gamification layer to maximise learner engagement and retention | C7: High | D7: REQ-012, REQ-013, REQ-014 | E7: Gamification Layer | F7: Planned
A8: OBJ-04 | B8: Launch freemium SaaS with clear Pro ($14.99) and Premium ($29.99) upgrade path | C8: Critical | D8: REQ-019, REQ-020, REQ-021, REQ-015, REQ-016, REQ-017 | E8: Web Application, Subscription System | F8: In Progress
A9: OBJ-05 | B9: Establish B2B enterprise sales infrastructure from Day 1 | C9: High | D9: REQ-022, REQ-026, REQ-027 | E9: Enterprise Dashboard, Credential Marketplace | F9: Planned
A10: OBJ-06 | B10: Achieve measurable user acquisition through organic, referral, and paid channels | C10: High | D10: REQ-012, REQ-013, REQ-019, REQ-028 | E10: Gamification Layer, Community Module | F10: Planned
A11: OBJ-07 | B11: Ensure full GDPR and CCPA compliance across all components from Day 1 | C11: Critical | D11: REQ-023, REQ-024, REQ-025 | E11: All Components | F11: Planned
A12: OBJ-08 | B12: Deliver platform latency ≤ 10s (P95) under production load | C12: Critical | D12: REQ-016, REQ-018 | E12: AI Conversation Engine, Web Application | F12: Planned

Sheet Test Coverage
A1: PARAKEET — TEST COVERAGE MATRIX
A2: Maps each requirement to its test case, type, and acceptance criteria
A4: REQ ID | B4: Test Case ID | C4: Test Description | D4: Test Type | E4: Acceptance Criteria | F4: Priority | G4: Expected Result | H4: Pass / Fail
A5: REQ-001 | B5: TC-001 | C5: AI Conversation Engine — Latency & Context | D5: Performance / Functional | E5: Responds ≤10s; maintains context across ≥10 turns | F5: Critical | G5: PASS | H5: —
A6: REQ-002 | B6: TC-002 | C6: Contextual Error Correction — Accuracy | D6: Functional | E6: ≥95% grammar errors corrected; no conversation break | F6: Critical | G6: PASS | H6: —
A7: REQ-003 | B7: TC-003 | C7: Adaptive Difficulty — CEFR Adjustment | D7: Functional | E7: CEFR level shifts within same session on signal | F7: Critical | G7: PASS | H7: —
A8: REQ-004 | B8: TC-004 | C8: 12-Language Fluency QA | D8: QA / Functional | E8: All 12 languages pass native-speaker review | F8: Critical | G8: PASS | H8: —
A9: REQ-005 | B9: TC-005 | C9: Conversation Logging — Completeness | D9: Functional | E9: 100% sessions stored; summary in ≤60s | F9: High | G9: PASS | H9: —
A10: REQ-006 | B10: TC-006 | C10: Personalised Learning Path — Generation Speed | D10: Functional | E10: Path generated ≤30s post-assessment | F10: Critical | G10: PASS | H10: —
A11: REQ-007 | B11: TC-007 | C11: Micro-Exercise Injection — Trigger Logic | D11: Functional | E11: Micro-exercise injected after 3 consecutive errors | F11: High | G11: PASS | H11: —
A12: REQ-008 | B12: TC-008 | C12: CEFR Assessment — Placement Accuracy | D12: Functional | E12: Placement within ±1 CEFR sub-level vs. benchmark | F12: Critical | G12: PASS | H12: —
A13: REQ-009 | B13: TC-009 | C13: Quiz Freshness — Deduplication | D13: Functional | E13: No identical question repeated within 7 days | F13: Medium | G13: PASS | H13: —
A14: REQ-010 | B14: TC-010 | C14: STT Accuracy — Whisper Integration | D14: Integration | E14: ≥90% WER accuracy across target languages | F14: Critical | G14: PASS | H14: —
A15: REQ-011 | B15: TC-011 | C15: TTS Latency & Naturalness | D15: Integration / UX | E15: Latency <2s; prosody rated ≥4/5 in UX test | F15: Critical | G15: PASS | H15: —
... A32: REQ-028 | B32: TC-028 | C32: Community Module — Session Creation UX | D32: Functional | E32: Exchange session created/joined in ≤3 clicks | F32: Medium | G32: PASS | H32: —
